Node ID,Query Start,Query Sent,Query Response,SHA256
Node10,687149812671961,687149823611781,687156913131955,e3b0c44298fc1c149afbf4c8996fb92427ae41e4649b934ca495991b7852b855  -
Node10,687149804254942,687149816307636,687156508679936,e3b0c44298fc1c149afbf4c8996fb92427ae41e4649b934ca495991b7852b855  -
Node10,687149802218284,687149814757027,687279126030919,e3b0c44298fc1c149afbf4c8996fb92427ae41e4649b934ca495991b7852b855  -
Node10,687149821515438,687149828791713,687153914215542,e3b0c44298fc1c149afbf4c8996fb92427ae41e4649b934ca495991b7852b855  -
Node10,687149837058585,687149853235651,687152957158023,e3b0c44298fc1c149afbf4c8996fb92427ae41e4649b934ca495991b7852b855  -
Node10,687149806425006,687149812506834,687157788349900,e3b0c44298fc1c149afbf4c8996fb92427ae41e4649b934ca495991b7852b855  -
Node10,687149810756542,687149821515512,687168887271247,e3b0c44298fc1c149afbf4c8996fb92427ae41e4649b934ca495991b7852b855  -
Node10,687149823539300,687149835096241,687158699029416,e3b0c44298fc1c149afbf4c8996fb92427ae41e4649b934ca495991b7852b855  -
Node10,687149843551926,687149857050952,687152958179028,e3b0c44298fc1c149afbf4c8996fb92427ae41e4649b934ca495991b7852b855  -
Node10,687149845359106,687149849949935,687168494366671,e3b0c44298fc1c149afbf4c8996fb92427ae41e4649b934ca495991b7852b855  -
