Node ID,Query Start,Query Sent,Query Response,QSHA256,RSHA256
Node1,581636767579256,581636790592353,581646740883196,5e04a795f72ef29542229a6d4d9278195044fa9462da79d4630a9b9a023116bd  /tmp/.tmp11YsZz,5e04a795f72ef29542229a6d4d9278195044fa9462da79d4630a9b9a023116bd  /tmp/scan.log
Node2,581636797387298,581636818315256,581650145285865,5e04a795f72ef29542229a6d4d9278195044fa9462da79d4630a9b9a023116bd  /tmp/.tmpbUCYkf,5e04a795f72ef29542229a6d4d9278195044fa9462da79d4630a9b9a023116bd  /tmp/scan.log
Node3,581636825524103,581636972916892,581647819582366,5e04a795f72ef29542229a6d4d9278195044fa9462da79d4630a9b9a023116bd  /tmp/.tmprCpLYt,5e04a795f72ef29542229a6d4d9278195044fa9462da79d4630a9b9a023116bd  /tmp/scan.log
Node4,581636979137845,581637005913798,581650964360428,5e04a795f72ef29542229a6d4d9278195044fa9462da79d4630a9b9a023116bd  /tmp/.tmpVUyX3j,5e04a795f72ef29542229a6d4d9278195044fa9462da79d4630a9b9a023116bd  /tmp/scan.log
Node5,581637014365406,581637045540097,581654151877572,5e04a795f72ef29542229a6d4d9278195044fa9462da79d4630a9b9a023116bd  /tmp/.tmpQnKekh,5e04a795f72ef29542229a6d4d9278195044fa9462da79d4630a9b9a023116bd  /tmp/scan.log
Node6,581637064891613,581637123852225,581655365834687,5e04a795f72ef29542229a6d4d9278195044fa9462da79d4630a9b9a023116bd  /tmp/.tmpkA4Gbx,5e04a795f72ef29542229a6d4d9278195044fa9462da79d4630a9b9a023116bd  /tmp/scan.log
Node7,581637144570482,581637202496274,581651966568900,5e04a795f72ef29542229a6d4d9278195044fa9462da79d4630a9b9a023116bd  /tmp/.tmpBqkSDM,5e04a795f72ef29542229a6d4d9278195044fa9462da79d4630a9b9a023116bd  /tmp/scan.log
Node8,581637214321559,581637275151812,581655527380721,5e04a795f72ef29542229a6d4d9278195044fa9462da79d4630a9b9a023116bd  /tmp/.tmpk6Qgd8,5e04a795f72ef29542229a6d4d9278195044fa9462da79d4630a9b9a023116bd  /tmp/scan.log
Node9,581637309913417,581637406906330,581653455422781,5e04a795f72ef29542229a6d4d9278195044fa9462da79d4630a9b9a023116bd  /tmp/.tmpl0uzgB,5e04a795f72ef29542229a6d4d9278195044fa9462da79d4630a9b9a023116bd  /tmp/scan.log
Node10,581637433602229,581637520928846,581654523116545,5e04a795f72ef29542229a6d4d9278195044fa9462da79d4630a9b9a023116bd  /tmp/.tmpQbqAt1,5e04a795f72ef29542229a6d4d9278195044fa9462da79d4630a9b9a023116bd  /tmp/scan.log
Node11,581637532672113,581637634774179,581653738835295,5e04a795f72ef29542229a6d4d9278195044fa9462da79d4630a9b9a023116bd  /tmp/.tmpgm0Sbi,5e04a795f72ef29542229a6d4d9278195044fa9462da79d4630a9b9a023116bd  /tmp/scan.log
Node12,581637656739457,581637794116139,581656454383774,5e04a795f72ef29542229a6d4d9278195044fa9462da79d4630a9b9a023116bd  /tmp/.tmpSvzrdv,5e04a795f72ef29542229a6d4d9278195044fa9462da79d4630a9b9a023116bd  /tmp/scan.log
Node13,581637820342082,581637997236749,581655917845413,5e04a795f72ef29542229a6d4d9278195044fa9462da79d4630a9b9a023116bd  /tmp/.tmpEXmFSE,5e04a795f72ef29542229a6d4d9278195044fa9462da79d4630a9b9a023116bd  /tmp/scan.log
Node14,581638036943213,581638139299127,581656240366285,5e04a795f72ef29542229a6d4d9278195044fa9462da79d4630a9b9a023116bd  /tmp/.tmpHmn9pa,5e04a795f72ef29542229a6d4d9278195044fa9462da79d4630a9b9a023116bd  /tmp/scan.log
Node15,581638171877965,581638277703444,581657975126762,5e04a795f72ef29542229a6d4d9278195044fa9462da79d4630a9b9a023116bd  /tmp/.tmpLZKUfe,5e04a795f72ef29542229a6d4d9278195044fa9462da79d4630a9b9a023116bd  /tmp/scan.log
Node16,581638335203575,581638488533560,581657481600320,5e04a795f72ef29542229a6d4d9278195044fa9462da79d4630a9b9a023116bd  /tmp/.tmpkL0UIE,5e04a795f72ef29542229a6d4d9278195044fa9462da79d4630a9b9a023116bd  /tmp/scan.log
Node17,581638572131265,581638746493392,581662550730230,5e04a795f72ef29542229a6d4d9278195044fa9462da79d4630a9b9a023116bd  /tmp/.tmpchUDfs,5e04a795f72ef29542229a6d4d9278195044fa9462da79d4630a9b9a023116bd  /tmp/scan.log
Node18,581638766086312,581638909318767,581657103569146,5e04a795f72ef29542229a6d4d9278195044fa9462da79d4630a9b9a023116bd  /tmp/.tmpNRXEoi,5e04a795f72ef29542229a6d4d9278195044fa9462da79d4630a9b9a023116bd  /tmp/scan.log
Node19,581638942947072,581639081840845,581656834511328,5e04a795f72ef29542229a6d4d9278195044fa9462da79d4630a9b9a023116bd  /tmp/.tmpHvOOQB,5e04a795f72ef29542229a6d4d9278195044fa9462da79d4630a9b9a023116bd  /tmp/scan.log
Node20,581639113804932,581639312300640,581661205375067,5e04a795f72ef29542229a6d4d9278195044fa9462da79d4630a9b9a023116bd  /tmp/.tmpO6oAhT,5e04a795f72ef29542229a6d4d9278195044fa9462da79d4630a9b9a023116bd  /tmp/scan.log
Node21,581639322913349,581639494993284,581662700880860,5e04a795f72ef29542229a6d4d9278195044fa9462da79d4630a9b9a023116bd  /tmp/.tmpRSHIYr,5e04a795f72ef29542229a6d4d9278195044fa9462da79d4630a9b9a023116bd  /tmp/scan.log
Node22,581639583761308,581639811628952,581663707928237,5e04a795f72ef29542229a6d4d9278195044fa9462da79d4630a9b9a023116bd  /tmp/.tmpz4jkwM,5e04a795f72ef29542229a6d4d9278195044fa9462da79d4630a9b9a023116bd  /tmp/scan.log
Node23,581639827736087,581639970038850,581661611381154,5e04a795f72ef29542229a6d4d9278195044fa9462da79d4630a9b9a023116bd  /tmp/.tmpVyhFL1,5e04a795f72ef29542229a6d4d9278195044fa9462da79d4630a9b9a023116bd  /tmp/scan.log
Node24,581640015724751,581640157469781,581663253253350,5e04a795f72ef29542229a6d4d9278195044fa9462da79d4630a9b9a023116bd  /tmp/.tmps3LhU1,5e04a795f72ef29542229a6d4d9278195044fa9462da79d4630a9b9a023116bd  /tmp/scan.log
Node25,581640267907531,581640386013676,581663465729116,5e04a795f72ef29542229a6d4d9278195044fa9462da79d4630a9b9a023116bd  /tmp/.tmptscyBd,5e04a795f72ef29542229a6d4d9278195044fa9462da79d4630a9b9a023116bd  /tmp/scan.log
Node26,581640444832270,581640604272672,581662139945449,5e04a795f72ef29542229a6d4d9278195044fa9462da79d4630a9b9a023116bd  /tmp/.tmpKkIf1L,5e04a795f72ef29542229a6d4d9278195044fa9462da79d4630a9b9a023116bd  /tmp/scan.log
Node27,581640632861231,581640853183977,581662366513544,5e04a795f72ef29542229a6d4d9278195044fa9462da79d4630a9b9a023116bd  /tmp/.tmp5oenPC,5e04a795f72ef29542229a6d4d9278195044fa9462da79d4630a9b9a023116bd  /tmp/scan.log
Node28,581640866117598,581641121174856,581662895396666,5e04a795f72ef29542229a6d4d9278195044fa9462da79d4630a9b9a023116bd  /tmp/.tmpZU6VVd,5e04a795f72ef29542229a6d4d9278195044fa9462da79d4630a9b9a023116bd  /tmp/scan.log
Node29,581641166022917,581641551100271,581660569023028,5e04a795f72ef29542229a6d4d9278195044fa9462da79d4630a9b9a023116bd  /tmp/.tmptrsLmG,5e04a795f72ef29542229a6d4d9278195044fa9462da79d4630a9b9a023116bd  /tmp/scan.log
Node30,581641676120118,581641833223126,581663959074201,5e04a795f72ef29542229a6d4d9278195044fa9462da79d4630a9b9a023116bd  /tmp/.tmph1AaMX,5e04a795f72ef29542229a6d4d9278195044fa9462da79d4630a9b9a023116bd  /tmp/scan.log
Node31,581641899256733,581642243673450,581663141465384,5e04a795f72ef29542229a6d4d9278195044fa9462da79d4630a9b9a023116bd  /tmp/.tmptVS0De,5e04a795f72ef29542229a6d4d9278195044fa9462da79d4630a9b9a023116bd  /tmp/scan.log
Node32,581642331483505,581642692320610,581663072453839,5e04a795f72ef29542229a6d4d9278195044fa9462da79d4630a9b9a023116bd  /tmp/.tmpHpY97K,5e04a795f72ef29542229a6d4d9278195044fa9462da79d4630a9b9a023116bd  /tmp/scan.log
Node33,581642707149317,581643052294301,581664551193538,5e04a795f72ef29542229a6d4d9278195044fa9462da79d4630a9b9a023116bd  /tmp/.tmpZw9cnC,5e04a795f72ef29542229a6d4d9278195044fa9462da79d4630a9b9a023116bd  /tmp/scan.log
Node34,581643131138754,581643247121946,581663887955647,5e04a795f72ef29542229a6d4d9278195044fa9462da79d4630a9b9a023116bd  /tmp/.tmp4791MX,5e04a795f72ef29542229a6d4d9278195044fa9462da79d4630a9b9a023116bd  /tmp/scan.log
Node35,581643270223282,581643402209998,581664280473304,5e04a795f72ef29542229a6d4d9278195044fa9462da79d4630a9b9a023116bd  /tmp/.tmpEmkV58,5e04a795f72ef29542229a6d4d9278195044fa9462da79d4630a9b9a023116bd  /tmp/scan.log
Node36,581643408551709,581643579137403,581664119854205,5e04a795f72ef29542229a6d4d9278195044fa9462da79d4630a9b9a023116bd  /tmp/.tmpm4NRwT,5e04a795f72ef29542229a6d4d9278195044fa9462da79d4630a9b9a023116bd  /tmp/scan.log
Node37,581643607828349,581643833053786,581664714874354,5e04a795f72ef29542229a6d4d9278195044fa9462da79d4630a9b9a023116bd  /tmp/.tmp3SRqq8,5e04a795f72ef29542229a6d4d9278195044fa9462da79d4630a9b9a023116bd  /tmp/scan.log
Node38,581643900104454,581644183362440,581664510187928,5e04a795f72ef29542229a6d4d9278195044fa9462da79d4630a9b9a023116bd  /tmp/.tmpRVnMMP,5e04a795f72ef29542229a6d4d9278195044fa9462da79d4630a9b9a023116bd  /tmp/scan.log
Node39,581644293709134,581644592572113,581664926781220,5e04a795f72ef29542229a6d4d9278195044fa9462da79d4630a9b9a023116bd  /tmp/.tmpqLdbd5,5e04a795f72ef29542229a6d4d9278195044fa9462da79d4630a9b9a023116bd  /tmp/scan.log
Node40,581644842847563,581645118906608,581664608783072,5e04a795f72ef29542229a6d4d9278195044fa9462da79d4630a9b9a023116bd  /tmp/.tmpg9lKU6,5e04a795f72ef29542229a6d4d9278195044fa9462da79d4630a9b9a023116bd  /tmp/scan.log
Node41,581645230213382,581645729753757,581664884499812,5e04a795f72ef29542229a6d4d9278195044fa9462da79d4630a9b9a023116bd  /tmp/.tmpPecZU2,5e04a795f72ef29542229a6d4d9278195044fa9462da79d4630a9b9a023116bd  /tmp/scan.log
Node42,581646465874026,581646731065180,581664839743475,5e04a795f72ef29542229a6d4d9278195044fa9462da79d4630a9b9a023116bd  /tmp/.tmpL37Qjb,5e04a795f72ef29542229a6d4d9278195044fa9462da79d4630a9b9a023116bd  /tmp/scan.log
Node43,581646878072303,581647214307849,581664783177335,5e04a795f72ef29542229a6d4d9278195044fa9462da79d4630a9b9a023116bd  /tmp/.tmp2uMgV3,5e04a795f72ef29542229a6d4d9278195044fa9462da79d4630a9b9a023116bd  /tmp/scan.log
Node44,581647339490156,581647532088903,581665028670097,5e04a795f72ef29542229a6d4d9278195044fa9462da79d4630a9b9a023116bd  /tmp/.tmpUiYTTO,5e04a795f72ef29542229a6d4d9278195044fa9462da79d4630a9b9a023116bd  /tmp/scan.log
Node45,581647613713447,581648084474413,581665043501210,5e04a795f72ef29542229a6d4d9278195044fa9462da79d4630a9b9a023116bd  /tmp/.tmpmdykdP,5e04a795f72ef29542229a6d4d9278195044fa9462da79d4630a9b9a023116bd  /tmp/scan.log
Node46,581648109440779,581648362696464,581665011844325,5e04a795f72ef29542229a6d4d9278195044fa9462da79d4630a9b9a023116bd  /tmp/.tmphrHmcv,5e04a795f72ef29542229a6d4d9278195044fa9462da79d4630a9b9a023116bd  /tmp/scan.log
Node47,581648369408077,581648797945872,581665058815984,5e04a795f72ef29542229a6d4d9278195044fa9462da79d4630a9b9a023116bd  /tmp/.tmpqbhXiv,5e04a795f72ef29542229a6d4d9278195044fa9462da79d4630a9b9a023116bd  /tmp/scan.log
Node48,581648832244149,581649252871273,581665074156294,5e04a795f72ef29542229a6d4d9278195044fa9462da79d4630a9b9a023116bd  /tmp/.tmp9W9pcO,5e04a795f72ef29542229a6d4d9278195044fa9462da79d4630a9b9a023116bd  /tmp/scan.log
Node49,581649436969616,581650038093371,581664988197590,5e04a795f72ef29542229a6d4d9278195044fa9462da79d4630a9b9a023116bd  /tmp/.tmpVrAKOm,5e04a795f72ef29542229a6d4d9278195044fa9462da79d4630a9b9a023116bd  /tmp/scan.log
Node50,581650317042633,581651528704086,581664965304605,5e04a795f72ef29542229a6d4d9278195044fa9462da79d4630a9b9a023116bd  /tmp/.tmp6YbTef,5e04a795f72ef29542229a6d4d9278195044fa9462da79d4630a9b9a023116bd  /tmp/scan.log
